problem,time_ms,ipc,cache_miss_pct,branch_miss_pct,llc_misses,l1_misses,classification,top_func,top_func_pct
846,20997,1.93,0.1,0.8,197939,8582053385,COMPUTE-BOUND,p846::dfs_cycle,99.9
782,19509,0.18,17.5,0.2,596336,3296944422,MEMORY-BOUND,rayon::iter::plumbing::bridge_producer_consumer::helper,98.2
829,17736,2.98,62.6,0.9,4593120,15112835,COMPUTE-EFFICIENT | HIGH-CACHE-MISS,p829::best_divisor::dfs,95.8
774,17424,2.46,21.3,0.6,3987505,614652046,COMPUTE-BOUND,p774::TT::reduce_left,82.2
391,17044,2.12,9.3,0.5,8365481,7895518378,COMPUTE-BOUND,rayon::iter::plumbing::bridge_producer_consumer::helper,100.0
681,14836,0.52,3.2,5.6,863738,308990647,MEMORY-BOUND | BRANCH-HEAVY,rayon::iter::plumbing::bridge_producer_consumer::helper,98.6
958,14733,1.65,39.7,1.8,43102,602994,COMPUTE-BOUND | HIGH-CACHE-MISS,compiler_builtins::int::specialized_div_rem::u128_div_rem,51.7
737,11891,0.45,49.9,0.0,19406,63021,STALLED | HIGH-CACHE-MISS,p737::main,100.0
735,11627,0.55,43.2,0.0,495576,7153709,STALLED | HIGH-CACHE-MISS,rayon::iter::plumbing::bridge_producer_consumer::helper,99.8
448,10663,1.56,27.2,0.4,19402476,238776852,COMPUTE-BOUND,p448::main::k_phi_sum,67.0
452,10529,1.52,29.5,1.0,21955,317780,COMPUTE-BOUND,compiler_builtins::int::specialized_div_rem::u128_div_rem,49.8
563,10366,1.24,48.9,4.5,76230736,1465286834,MODERATE-IPC | HIGH-CACHE-MISS | BRANCH-HEAVY,core::slice::sort::stable::quicksort::quicksort,73.2
847,10271,2.65,20.5,3.5,554517,26021550,COMPUTE-EFFICIENT | BRANCH-HEAVY,p847::solve_dp,91.4
606,10131,1.06,65.3,1.3,5734118,81972851,MODERATE-IPC | HIGH-CACHE-MISS,p606::main,60.5
949,10113,0.38,73.1,3.4,24207767,86437304,MEMORY-BOUND | HIGH-CACHE-MISS | BRANCH-HEAVY,"hashbrown::rustc_entry::<impl hashbrown::map::HashMap<K,V,S,A>>::rustc_entry",84.2
378,10061,1.09,68.1,1.7,115549401,437024124,MODERATE-IPC | HIGH-CACHE-MISS,p378::main,99.6
962,9993,0.78,1.7,1.1,37897,242236000,STALLED,p962::factor,56.6
715,9958,0.98,49.6,0.6,154308699,407684743,MODERATE-IPC | HIGH-CACHE-MISS,p715::main,88.7
910,9549,0.78,48.6,1.4,63486011,361438056,MEMORY-BOUND | HIGH-CACHE-MISS,"hashbrown::map::HashMap<K,V,S,A>::get_inner",75.9
478,9356,1.11,68.3,1.1,60993,14057541,MODERATE-IPC | HIGH-CACHE-MISS,__umodti3,42.1
513,9120,0.98,6.2,2.7,5826,511664,MODERATE-IPC,p513::count_for_u,100.0
953,9103,1.51,35.4,1.6,23445,61742787,COMPUTE-BOUND | HIGH-CACHE-MISS,p953::dfs,96.2
338,9059,1.64,19.5,0.0,141,23203,COMPUTE-BOUND,p338::main,99.8
584,8977,3.22,35.1,0.0,11814677,341903658,COMPUTE-EFFICIENT | HIGH-CACHE-MISS,p584::mat_mul,99.6
946,8902,2.13,3.6,0.1,396,50207,COMPUTE-BOUND,compiler_builtins::int::specialized_div_rem::u128_div_rem,52.0
545,8654,1.43,0.0,1.1,7379,1903546256,MODERATE-IPC,p545::main,99.6
536,8526,0.22,69.9,2.6,234766657,383330052,MEMORY-BOUND | HIGH-CACHE-MISS,p536::helper,63.4
552,8468,0.48,0.1,6.0,1720,84045259,STALLED | BRANCH-HEAVY,p552::main,100.0
705,8256,1.01,84.3,0.7,176828,104953065,MODERATE-IPC | HIGH-CACHE-MISS,__umodti3,58.4
427,8247,0.42,83.4,0.0,184565654,535232530,MEMORY-BOUND | HIGH-CACHE-MISS,p427::main,99.8
925,8132,1.70,5.4,0.6,695,175674,COMPUTE-BOUND,p925::main,52.3
691,8100,0.19,70.4,0.3,172726182,466796539,MEMORY-BOUND | HIGH-CACHE-MISS,p691::main,99.2
931,8091,1.63,50.7,0.0,15536479,248840859,COMPUTE-BOUND | HIGH-CACHE-MISS,p931::main,99.8
238,8034,1.10,72.0,0.7,6920696,432024565,MODERATE-IPC | HIGH-CACHE-MISS,p238::main,98.4
941,7981,2.69,35.8,1.4,1306863,142919795,COMPUTE-EFFICIENT | HIGH-CACHE-MISS,p941::RankScratch::rank_db,85.3
886,7967,1.04,53.8,5.8,42025738,124930744,MODERATE-IPC | HIGH-CACHE-MISS | BRANCH-HEAVY,p886::num_perms,81.4
461,7872,1.16,47.1,1.7,22604588,820585870,MODERATE-IPC | HIGH-CACHE-MISS,core::slice::sort::stable::drift::sort,48.3
379,7827,1.51,15.2,0.1,70102,648728,COMPUTE-BOUND,rayon::iter::plumbing::bridge_producer_consumer::helper,88.2
708,7611,0.37,73.1,0.1,83487770,142039320,MEMORY-BOUND | HIGH-CACHE-MISS,p708::helper,77.8
558,7490,1.98,16.4,1.4,182831,32595005,COMPUTE-BOUND,p558::main,94.3
507,7398,2.02,74.5,2.8,678534,30420426,COMPUTE-BOUND | HIGH-CACHE-MISS,p507::gauss,73.7
677,7394,1.29,7.5,0.1,86388,68375946,MODERATE-IPC,compiler_builtins::int::specialized_div_rem::u128_div_rem,67.3
543,7368,0.58,85.2,0.0,289481699,450275846,MEMORY-BOUND | HIGH-CACHE-MISS,p543::main,99.8
614,7281,1.23,4.3,0.2,36089146,7276144179,MODERATE-IPC,rayon::iter::plumbing::bridge_producer_consumer::helper,91.4
415,7278,1.44,46.6,0.8,28716115,126243798,MODERATE-IPC | HIGH-CACHE-MISS,p415::main,92.8
693,7149,0.55,27.1,0.6,51993238,304418321,MEMORY-BOUND,p693::helper,92.5
611,7122,0.62,58.3,0.6,11659513,175319191,MEMORY-BOUND | HIGH-CACHE-MISS,p611::main,100.0
559,7090,2.81,0.6,0.0,113219,1123270907,COMPUTE-EFFICIENT,p559::main,100.0
655,7057,1.27,68.6,1.7,33669227,636186306,MODERATE-IPC | HIGH-CACHE-MISS,p655::num_palindromes,96.2
797,7001,0.54,78.2,5.1,173755375,365771330,MEMORY-BOUND | HIGH-CACHE-MISS | BRANCH-HEAVY,p797::main,99.8
540,6993,0.90,77.1,0.7,125169605,276361248,MODERATE-IPC | HIGH-CACHE-MISS,,0.0
785,6963,0.66,35.2,3.8,7888,33142,STALLED | HIGH-CACHE-MISS | BRANCH-HEAVY,,0.0
505,6874,2.58,32.8,4.1,50252,494832,COMPUTE-EFFICIENT | HIGH-CACHE-MISS | BRANCH-HEAVY,,0.0
468,6791,0.61,68.4,9.4,97907929,510646810,MEMORY-BOUND | HIGH-CACHE-MISS | BRANCH-HEAVY,,0.0
417,6755,0.43,51.9,6.3,145070002,449877560,MEMORY-BOUND | HIGH-CACHE-MISS | BRANCH-HEAVY,,0.0
370,6739,0.73,39.1,0.4,2398236,10946991,MEMORY-BOUND | HIGH-CACHE-MISS,,0.0
585,6709,0.77,68.1,4.9,48218578,167984826,MEMORY-BOUND | HIGH-CACHE-MISS | BRANCH-HEAVY,,0.0
534,6556,1.57,72.5,2.8,17557427,89790130,COMPUTE-BOUND | HIGH-CACHE-MISS,,0.0
657,6424,0.82,84.3,0.9,7462490,15938801,MODERATE-IPC | HIGH-CACHE-MISS,,0.0
445,6383,0.76,62.6,6.1,15228487,35487550,MEMORY-BOUND | HIGH-CACHE-MISS | BRANCH-HEAVY,,0.0
864,6379,0.40,89.8,4.2,283157,54601734,STALLED | HIGH-CACHE-MISS | BRANCH-HEAVY,,0.0
680,6372,0.29,58.3,5.9,67500134,296184752,MEMORY-BOUND | HIGH-CACHE-MISS | BRANCH-HEAVY,,0.0
642,6313,0.73,46.1,0.2,6047495,78463684,MEMORY-BOUND | HIGH-CACHE-MISS,,0.0
932,6244,1.84,41.9,0.1,4385,23010,COMPUTE-BOUND | HIGH-CACHE-MISS,,0.0
937,6190,0.54,88.7,3.1,39585048,182103839,MEMORY-BOUND | HIGH-CACHE-MISS | BRANCH-HEAVY,,0.0
971,5968,0.73,85.0,3.1,88940,51806022,STALLED | HIGH-CACHE-MISS | BRANCH-HEAVY,,0.0
972,5895,0.43,68.1,3.0,32086997,286879921,MEMORY-BOUND | HIGH-CACHE-MISS,,0.0
421,5862,0.64,91.5,3.1,544941,102558146,MEMORY-BOUND | HIGH-CACHE-MISS | BRANCH-HEAVY,,0.0
608,5833,0.71,82.1,0.8,96695823,163204327,MEMORY-BOUND | HIGH-CACHE-MISS,,0.0
769,5831,1.61,76.9,0.1,9738161,40976518,COMPUTE-BOUND | HIGH-CACHE-MISS,,0.0
947,5823,0.93,32.8,2.6,1983512,24152695,MODERATE-IPC | HIGH-CACHE-MISS,,0.0
437,5792,0.79,86.0,2.2,4475822,60331340,MEMORY-BOUND | HIGH-CACHE-MISS,,0.0
521,5756,0.88,59.8,0.0,11374398,164927556,MODERATE-IPC | HIGH-CACHE-MISS,,0.0
873,5756,0.90,16.7,0.8,12687,81229,MODERATE-IPC,,0.0
459,5554,1.38,12.2,0.1,38541724,3325187979,MODERATE-IPC,,0.0
592,5538,2.06,27.7,0.0,2398,21819,COMPUTE-BOUND,,0.0
482,5435,0.54,30.2,4.2,6356386,59463684,MEMORY-BOUND | HIGH-CACHE-MISS | BRANCH-HEAVY,,0.0
928,5430,1.46,20.6,0.2,262404,7498015,MODERATE-IPC,,0.0
433,5426,1.29,68.4,0.5,3759841,9074871,MODERATE-IPC | HIGH-CACHE-MISS,,0.0
867,5354,1.57,64.0,7.7,638524,67102953,COMPUTE-BOUND | HIGH-CACHE-MISS | BRANCH-HEAVY,,0.0
557,5324,0.87,30.1,2.3,2185,27777,MODERATE-IPC | HIGH-CACHE-MISS,,0.0
637,5285,1.50,53.7,0.6,172578,4966757,MODERATE-IPC | HIGH-CACHE-MISS,,0.0
501,5175,0.64,73.2,0.4,5002165,190197400,MEMORY-BOUND | HIGH-CACHE-MISS,,0.0
416,5054,2.22,1.1,0.0,1586963,1039116986,COMPUTE-BOUND,,0.0
650,4960,0.87,35.0,4.4,117486,13241777,MODERATE-IPC | HIGH-CACHE-MISS | BRANCH-HEAVY,,0.0
954,4959,1.37,31.2,4.7,50046622,841833923,MODERATE-IPC | HIGH-CACHE-MISS | BRANCH-HEAVY,,0.0
583,4922,0.90,61.8,8.3,35818523,200723576,MODERATE-IPC | HIGH-CACHE-MISS | BRANCH-HEAVY,,0.0
476,4755,1.36,3.2,0.2,30569,49996004,MODERATE-IPC,,0.0
314,4746,1.67,1.7,0.8,1944885,679358980,COMPUTE-BOUND,,0.0
578,4654,0.78,46.8,0.3,14395722,74318160,MEMORY-BOUND | HIGH-CACHE-MISS,,0.0
662,4632,2.06,41.7,0.0,37974585,673665847,COMPUTE-BOUND | HIGH-CACHE-MISS,,0.0
465,4586,0.66,47.8,0.3,28225900,126410233,MEMORY-BOUND | HIGH-CACHE-MISS,,0.0
786,4548,0.97,78.7,1.1,3189066,256616735,MODERATE-IPC | HIGH-CACHE-MISS,,0.0
799,4521,0.62,78.6,1.7,55157375,120370817,MEMORY-BOUND | HIGH-CACHE-MISS,,0.0
712,4471,0.59,42.6,0.0,2973232,79134533,MEMORY-BOUND | HIGH-CACHE-MISS,,0.0
763,4468,1.28,8.8,0.1,3272848,441457459,MODERATE-IPC,,0.0
654,4458,1.05,1.3,0.5,15212,127027821,MODERATE-IPC,,0.0
660,4366,0.94,7.1,3.3,1385,133659,MODERATE-IPC | BRANCH-HEAVY,,0.0
730,4301,1.81,17.2,1.6,8402,362302,COMPUTE-BOUND,,0.0
975,4252,2.99,4.4,0.3,2206,1222402,COMPUTE-EFFICIENT,,0.0
929,4224,1.32,3.4,0.3,238010,32002489,MODERATE-IPC,,0.0
337,4178,1.13,37.7,4.7,63601749,424953472,MODERATE-IPC | HIGH-CACHE-MISS | BRANCH-HEAVY,,0.0
593,4031,0.65,84.5,1.6,706590,277380067,MEMORY-BOUND | HIGH-CACHE-MISS,,0.0
639,4017,1.47,52.2,0.5,635654,36118618,MODERATE-IPC | HIGH-CACHE-MISS,,0.0
739,4005,1.13,88.3,0.2,22643516,137572433,MODERATE-IPC | HIGH-CACHE-MISS,,0.0
852,3975,2.18,8.7,0.2,5706,677899,COMPUTE-BOUND,,0.0
548,3949,0.77,17.4,0.3,4404,231517,STALLED,,0.0
351,3865,0.32,74.7,0.8,125976562,281165799,MEMORY-BOUND | HIGH-CACHE-MISS,,0.0
256,3804,0.30,85.1,0.0,224414417,278961026,MEMORY-BOUND | HIGH-CACHE-MISS,,0.0
701,3787,1.60,42.3,3.5,8576410,98746603,COMPUTE-BOUND | HIGH-CACHE-MISS | BRANCH-HEAVY,,0.0
861,3781,0.89,35.2,0.0,4283923,99353489,MODERATE-IPC | HIGH-CACHE-MISS,,0.0
259,3753,0.81,51.1,2.6,12774846,61239869,MODERATE-IPC | HIGH-CACHE-MISS,,0.0
428,3732,2.04,5.3,0.5,125329,16666499,COMPUTE-BOUND,,0.0
963,3707,0.85,44.5,1.9,25751493,110142102,MODERATE-IPC | HIGH-CACHE-MISS,,0.0
483,3696,1.50,19.3,0.7,13039931,183455478,MODERATE-IPC,,0.0
919,3672,0.58,63.4,3.2,10796302,32114609,MEMORY-BOUND | HIGH-CACHE-MISS | BRANCH-HEAVY,,0.0
983,3665,0.76,7.3,13.5,10127267,632267858,MEMORY-BOUND | BRANCH-HEAVY,,0.0
420,3633,0.14,82.3,0.5,202943638,293784344,MEMORY-BOUND | HIGH-CACHE-MISS,,0.0
870,3619,2.94,16.0,0.1,7239,90694446,COMPUTE-EFFICIENT,,0.0
596,3607,0.83,14.2,0.6,374,9551,MODERATE-IPC,,0.0
883,3589,1.34,18.1,2.0,350,6104,MODERATE-IPC,,0.0
538,3538,2.06,0.5,0.2,2659894,2875546378,COMPUTE-BOUND,,0.0
626,3495,0.88,18.5,0.5,18479,1350404,MODERATE-IPC,,0.0
414,3491,2.86,28.1,0.1,2264271,162181509,COMPUTE-EFFICIENT,,0.0
397,3462,1.00,18.7,1.3,428750,5981044,MODERATE-IPC,,0.0
291,3439,0.50,80.5,2.1,339108,184290620,STALLED | HIGH-CACHE-MISS,,0.0
718,3407,0.53,41.9,0.0,24711678,105238132,MEMORY-BOUND | HIGH-CACHE-MISS,,0.0
754,3406,1.08,75.6,4.1,1441850,88838636,MODERATE-IPC | HIGH-CACHE-MISS | BRANCH-HEAVY,,0.0
977,3406,0.89,13.4,1.8,11558,2031862,MODERATE-IPC,,0.0
362,3390,1.77,12.1,0.3,1218666,70509507,COMPUTE-BOUND,,0.0
439,3364,1.18,56.4,0.4,3496137,99766003,MODERATE-IPC | HIGH-CACHE-MISS,,0.0
571,3362,2.42,17.2,0.3,174174,10830942,COMPUTE-BOUND,,0.0
636,3362,1.09,86.3,0.0,6953572,380638406,MODERATE-IPC | HIGH-CACHE-MISS,,0.0
399,3344,0.61,90.2,0.6,67168086,138792307,MEMORY-BOUND | HIGH-CACHE-MISS,,0.0
966,3324,2.30,10.0,0.3,31201,1542473,COMPUTE-BOUND,,0.0
623,3321,2.50,7.0,0.0,107410,1038061441,COMPUTE-BOUND,,0.0
921,3294,0.87,20.2,2.7,2879,51044,MODERATE-IPC,,0.0
447,3284,1.36,79.7,0.6,8869918,15734678,MODERATE-IPC | HIGH-CACHE-MISS,,0.0
659,3204,0.61,75.1,2.4,12932826,50244807,MEMORY-BOUND | HIGH-CACHE-MISS,,0.0
748,3196,0.65,24.9,4.0,920,12124,STALLED | BRANCH-HEAVY,,0.0
635,3183,0.65,69.8,1.2,25875525,106359910,MEMORY-BOUND | HIGH-CACHE-MISS,,0.0
580,3121,0.43,77.0,5.3,114121785,216473223,MEMORY-BOUND | HIGH-CACHE-MISS | BRANCH-HEAVY,,0.0
245,3079,1.05,74.5,0.2,843774,37000368,MODERATE-IPC | HIGH-CACHE-MISS,,0.0
455,3029,0.74,37.6,5.0,1203,24548,STALLED | HIGH-CACHE-MISS | BRANCH-HEAVY,,0.0
890,3005,1.52,6.0,0.1,30924,972531622,COMPUTE-BOUND,,0.0
464,2995,1.03,73.4,2.5,15725887,854679870,MODERATE-IPC | HIGH-CACHE-MISS,,0.0
411,2977,1.80,32.9,1.2,4594700,131025113,COMPUTE-BOUND | HIGH-CACHE-MISS,,0.0
699,2973,1.24,7.1,1.2,1319,197048,MODERATE-IPC,,0.0
451,2960,1.25,73.2,1.0,45153,20692890,MODERATE-IPC | HIGH-CACHE-MISS,,0.0
518,2873,0.81,59.1,10.3,30893015,85986391,MODERATE-IPC | HIGH-CACHE-MISS | BRANCH-HEAVY,,0.0
529,2838,1.18,1.2,0.3,12374,87006143,MODERATE-IPC,,0.0
850,2837,2.36,3.8,0.0,15834,5639936,COMPUTE-BOUND,,0.0
784,2807,1.50,23.9,1.9,350598,4802782,COMPUTE-BOUND,,0.0
741,2803,1.50,0.9,0.1,9859,2443708,COMPUTE-BOUND,,0.0
446,2797,0.44,77.9,2.7,28622992,85134519,MEMORY-BOUND | HIGH-CACHE-MISS,,0.0
984,2779,1.50,14.9,2.7,156167,269845041,MODERATE-IPC,,0.0
878,2762,2.40,37.5,3.2,550854,2653060,COMPUTE-BOUND | HIGH-CACHE-MISS | BRANCH-HEAVY,,0.0
410,2747,0.37,80.7,0.7,131505800,194161830,MEMORY-BOUND | HIGH-CACHE-MISS,,0.0
752,2744,1.28,20.0,0.6,13948,2470467,MODERATE-IPC,,0.0
404,2694,0.67,32.0,19.7,404,4595,STALLED | HIGH-CACHE-MISS | BRANCH-HEAVY,,0.0
688,2691,1.21,29.4,0.0,1955,9257,MODERATE-IPC,,0.0
221,2643,0.64,24.1,0.0,202642,6048425,STALLED,,0.0
938,2641,1.04,2.1,0.0,6530,114763569,MODERATE-IPC,,0.0
757,2639,2.06,44.4,2.3,7147076,226871938,COMPUTE-BOUND | HIGH-CACHE-MISS,,0.0
837,2638,0.96,80.3,0.0,530703,30958227,MODERATE-IPC | HIGH-CACHE-MISS,,0.0
827,2626,0.54,24.2,0.0,2384,119254,STALLED,,0.0
945,2576,0.97,3.3,6.2,6782,1487969,MODERATE-IPC | BRANCH-HEAVY,,0.0
484,2571,1.32,80.8,0.2,148679,78790094,MODERATE-IPC | HIGH-CACHE-MISS,,0.0
586,2568,1.85,84.1,1.9,92318,57711066,COMPUTE-BOUND | HIGH-CACHE-MISS,,0.0
714,2556,1.23,24.2,0.0,2288953,861068481,MODERATE-IPC,,0.0
643,2496,0.68,65.5,0.2,28600612,87737018,MEMORY-BOUND | HIGH-CACHE-MISS,,0.0
824,2487,0.30,81.7,1.3,7757522,15011437,MEMORY-BOUND | HIGH-CACHE-MISS,,0.0
229,2484,0.97,1.0,0.3,31649063,4306614143,MODERATE-IPC,,0.0
933,2468,1.16,0.2,1.3,72576,757241295,MODERATE-IPC,,0.0
589,2464,3.12,2.3,0.3,80536,104709528,COMPUTE-EFFICIENT,,0.0
810,2459,1.31,92.2,0.6,563048,136040342,MODERATE-IPC | HIGH-CACHE-MISS,,0.0
927,2447,1.06,49.8,0.1,11606331,42398147,MODERATE-IPC | HIGH-CACHE-MISS,,0.0
531,2445,0.99,4.6,6.5,28428,2258933,MODERATE-IPC | BRANCH-HEAVY,,0.0
729,2444,0.40,13.7,6.0,735,58781,STALLED | BRANCH-HEAVY,,0.0
869,2415,1.10,77.2,6.6,3014153,103413036,MODERATE-IPC | HIGH-CACHE-MISS | BRANCH-HEAVY,,0.0
625,2409,0.78,54.5,0.2,25404269,88647934,MEMORY-BOUND | HIGH-CACHE-MISS,,0.0
526,2394,0.47,85.0,1.3,904053,110847631,MEMORY-BOUND | HIGH-CACHE-MISS,,0.0
486,2313,0.84,19.8,2.7,402,19060,MODERATE-IPC,,0.0
263,2307,0.84,11.8,3.4,903,27774,MODERATE-IPC | BRANCH-HEAVY,,0.0
743,2305,0.62,91.9,0.7,15176892,65018669,MEMORY-BOUND | HIGH-CACHE-MISS,,0.0
632,2277,0.67,73.4,3.8,83798197,184585309,MEMORY-BOUND | HIGH-CACHE-MISS | BRANCH-HEAVY,,0.0
628,2192,1.04,21.1,0.2,30,3032,MODERATE-IPC,,0.0
331,2187,3.30,22.2,0.5,48,2058,COMPUTE-EFFICIENT,,0.0
564,2090,1.66,3.9,1.6,1476,1239776,COMPUTE-BOUND,,0.0
615,2089,2.21,17.3,0.1,1513670,68152357,COMPUTE-BOUND,,0.0
576,2081,1.23,23.9,6.0,938841,62761961,MODERATE-IPC | BRANCH-HEAVY,,0.0
533,2073,0.30,72.1,0.6,76616614,161722707,MEMORY-BOUND | HIGH-CACHE-MISS,,0.0
544,2061,2.00,49.9,0.5,18699055,58248221,COMPUTE-BOUND | HIGH-CACHE-MISS,,0.0
798,2056,0.92,68.9,0.0,4196224,61205623,MODERATE-IPC | HIGH-CACHE-MISS,,0.0
485,2052,1.19,76.6,4.1,222053,70582541,MODERATE-IPC | HIGH-CACHE-MISS | BRANCH-HEAVY,,0.0
492,2044,0.90,35.4,1.6,6410,12574348,MODERATE-IPC | HIGH-CACHE-MISS,,0.0
630,2041,0.35,60.9,5.4,17251578,56955216,MEMORY-BOUND | HIGH-CACHE-MISS | BRANCH-HEAVY,,0.0
893,2040,3.68,5.2,0.2,33580,436665402,COMPUTE-EFFICIENT,,0.0
780,2038,1.19,32.6,1.3,87185,1216830,MODERATE-IPC | HIGH-CACHE-MISS,,0.0
275,2018,1.25,0.7,2.5,904677,626720561,MODERATE-IPC,,0.0
357,2014,0.74,85.8,0.5,467535,104580424,STALLED | HIGH-CACHE-MISS,,0.0
766,2012,1.80,54.4,3.2,2553816,18690925,COMPUTE-BOUND | HIGH-CACHE-MISS | BRANCH-HEAVY,,0.0
413,2003,1.34,7.0,4.0,380945,23838107,MODERATE-IPC | BRANCH-HEAVY,,0.0
672,2000,1.40,47.6,1.1,0,0,MODERATE-IPC | HIGH-CACHE-MISS,,0.0
801,1977,0.37,83.7,1.0,3682310,119714484,MEMORY-BOUND | HIGH-CACHE-MISS,,0.0
251,1949,0.60,27.2,3.3,358,2700,STALLED | BRANCH-HEAVY,,0.0
470,1915,1.52,48.0,6.3,80050,9621936,COMPUTE-BOUND | HIGH-CACHE-MISS | BRANCH-HEAVY,,0.0
401,1910,0.99,20.6,0.2,148,6502,MODERATE-IPC,,0.0
772,1889,0.43,85.2,0.9,197140,103455177,STALLED | HIGH-CACHE-MISS,,0.0
609,1885,0.67,85.6,0.6,469914,110408380,STALLED | HIGH-CACHE-MISS,,0.0
733,1877,0.41,57.0,0.5,60264666,152655900,MEMORY-BOUND | HIGH-CACHE-MISS,,0.0
423,1827,0.73,86.5,0.7,16049235,114559583,MEMORY-BOUND | HIGH-CACHE-MISS,,0.0
569,1800,0.60,82.7,3.2,191365,107729399,STALLED | HIGH-CACHE-MISS | BRANCH-HEAVY,,0.0
320,1794,0.34,28.3,1.5,292869,6965648,STALLED,,0.0
424,1779,2.91,10.0,0.4,2394,366507,COMPUTE-EFFICIENT,,0.0
354,1774,0.71,79.6,3.4,36274541,70227438,MEMORY-BOUND | HIGH-CACHE-MISS | BRANCH-HEAVY,,0.0
675,1767,0.75,71.0,1.9,18053336,75291288,MEMORY-BOUND | HIGH-CACHE-MISS,,0.0
952,1755,0.55,73.2,4.0,8942695,17629550,MEMORY-BOUND | HIGH-CACHE-MISS | BRANCH-HEAVY,,0.0
738,1716,2.19,48.8,0.1,3202094,16483624,COMPUTE-BOUND | HIGH-CACHE-MISS,,0.0
570,1704,0.88,8.5,2.0,2147,125881,MODERATE-IPC,,0.0
477,1703,1.23,70.9,2.2,223518,12589596,MODERATE-IPC | HIGH-CACHE-MISS,,0.0
820,1643,0.27,64.1,0.3,44984,2582079,STALLED | HIGH-CACHE-MISS,,0.0
828,1638,2.50,0.4,2.2,1977,27923971,COMPUTE-BOUND,,0.0
311,1608,2.27,40.7,0.2,15173733,60515641,COMPUTE-BOUND | HIGH-CACHE-MISS,,0.0
939,1607,1.78,11.0,0.0,1601371,86353188,COMPUTE-BOUND,,0.0
818,1604,2.91,4.7,0.0,1802,3297268,COMPUTE-EFFICIENT,,0.0
944,1595,0.74,8.4,2.1,2829,157145,STALLED,,0.0
381,1593,0.40,85.5,1.4,225437,103932851,STALLED | HIGH-CACHE-MISS,,0.0
943,1589,1.60,42.6,0.7,8316605,66671259,COMPUTE-BOUND | HIGH-CACHE-MISS,,0.0
386,1581,2.88,10.4,0.2,498425,35309713,COMPUTE-EFFICIENT,,0.0
432,1580,1.85,19.1,0.0,5762810,78340676,COMPUTE-BOUND,,0.0
658,1579,1.15,78.7,0.2,12725121,33483189,MODERATE-IPC | HIGH-CACHE-MISS,,0.0
621,1569,0.27,77.9,5.5,10221085,41920234,MEMORY-BOUND | HIGH-CACHE-MISS | BRANCH-HEAVY,,0.0
747,1553,2.06,11.9,0.0,282,2354,COMPUTE-BOUND,,0.0
502,1547,3.44,0.0,0.0,513,150657234,COMPUTE-EFFICIENT,,0.0
823,1536,1.55,0.0,2.8,1891,663753166,COMPUTE-BOUND,,0.0
283,1530,1.02,66.0,1.6,21848143,42233708,MODERATE-IPC | HIGH-CACHE-MISS,,0.0
789,1527,0.94,30.0,0.5,543616,9729572,MODERATE-IPC,,0.0
450,1521,1.54,60.8,0.2,3199218,13068269,COMPUTE-BOUND | HIGH-CACHE-MISS,,0.0
530,1459,0.78,70.2,0.4,95156,28737398,STALLED | HIGH-CACHE-MISS,,0.0
296,1454,1.20,25.0,1.6,380,3373,MODERATE-IPC,,0.0
644,1447,1.57,27.4,1.2,13702293,191389653,COMPUTE-BOUND,,0.0
678,1436,1.09,22.7,1.2,3009689,186486625,MODERATE-IPC,,0.0
292,1414,1.15,27.1,1.9,10101135,80276442,MODERATE-IPC,,0.0
815,1400,0.73,66.9,0.2,11144046,44723151,MEMORY-BOUND | HIGH-CACHE-MISS,,0.0
602,1360,0.84,54.7,0.2,1909887,6269495,MODERATE-IPC | HIGH-CACHE-MISS,,0.0
542,1359,2.24,13.9,0.4,126,24578,COMPUTE-BOUND,,0.0
279,1352,0.71,20.5,20.2,4,2323,STALLED | BRANCH-HEAVY,,0.0
717,1350,0.58,29.1,3.4,4086,8575472,STALLED | BRANCH-HEAVY,,0.0
709,1348,3.27,0.0,0.0,168,150878226,COMPUTE-EFFICIENT,,0.0
756,1342,0.64,81.3,0.4,11855244,29992538,MEMORY-BOUND | HIGH-CACHE-MISS,,0.0
854,1342,0.85,37.5,2.5,6085192,34837017,MODERATE-IPC | HIGH-CACHE-MISS,,0.0
554,1339,0.83,4.4,0.0,2351,172005,MODERATE-IPC,,0.0
443,1265,0.73,16.4,0.2,401,3699,STALLED,,0.0
373,1248,1.67,66.2,2.1,8811964,25526019,COMPUTE-BOUND | HIGH-CACHE-MISS,,0.0
967,1216,1.69,0.6,0.4,4686,89311499,COMPUTE-BOUND,,0.0
781,1198,2.50,0.1,0.0,1704,77578538,COMPUTE-BOUND,,0.0
840,1195,1.01,4.4,0.7,119061,19181502,MODERATE-IPC,,0.0
454,1186,1.38,1.6,0.1,411,4247299,MODERATE-IPC,,0.0
494,1180,2.83,17.5,0.8,3594,77012,COMPUTE-EFFICIENT,,0.0
908,1173,1.39,8.8,0.0,9627,41224601,MODERATE-IPC,,0.0
466,1150,0.41,31.8,12.1,2049,12917,STALLED | HIGH-CACHE-MISS | BRANCH-HEAVY,,0.0
336,1149,2.35,15.8,2.2,1131,104313,COMPUTE-BOUND,,0.0
319,1114,1.81,4.2,0.4,94291,22669889,COMPUTE-BOUND,,0.0
930,1099,1.53,12.0,1.1,778729,18362573,COMPUTE-BOUND,,0.0
556,1087,2.26,4.0,0.1,23292,7635064,COMPUTE-BOUND,,0.0
880,1070,1.25,27.8,2.3,755,18921,MODERATE-IPC,,0.0
522,1063,1.34,75.3,13.4,75685,4681439,MODERATE-IPC | HIGH-CACHE-MISS | BRANCH-HEAVY,,0.0
322,1058,3.20,16.4,0.0,651,5869,COMPUTE-EFFICIENT,,0.0
663,1018,0.47,57.1,0.0,15848039,73007864,MEMORY-BOUND | HIGH-CACHE-MISS,,0.0
457,1011,0.99,37.5,2.4,5652,9143517,MODERATE-IPC | HIGH-CACHE-MISS,,0.0
891,1011,0.59,49.2,2.3,2893428,15242623,MEMORY-BOUND | HIGH-CACHE-MISS,,0.0
648,1005,2.71,10.3,0.0,2913,1370343,COMPUTE-EFFICIENT,,0.0
